{"cameraMode":{"drawMode":0,"name":"Shaded","section":"Shading Mode"},"sceneLighting":true,"audioPlay":false,"sceneViewState":{"showFog":false,"showMaterialUpdate":false,"showSkybox":false,"showFlares":false,"showImageEffects":false,"showParticleSystems":false},"in2DMode":false,"pivot":{"x":2.4241061210632326,"y":3.19296932220459,"z":-4.1497602462768559},"rotation":{"x":0.031410589814186099,"y":-0.9173251390457153,"z":0.07391457259654999,"w":0.3899851441383362},"size":5.923824310302734,"orthographic":false}