{"cameraMode":{"drawMode":0,"name":"Shaded","section":"Shading Mode"},"sceneLighting":true,"audioPlay":false,"sceneViewState":{"showFog":false,"showMaterialUpdate":false,"showSkybox":false,"showFlares":false,"showImageEffects":false,"showParticleSystems":false},"in2DMode":false,"pivot":{"x":-11.855257987976075,"y":3.1120100021362306,"z":2.058391571044922},"rotation":{"x":-0.24010854959487916,"y":-0.16876642405986787,"z":0.042436983436346057,"w":-0.9550320506095886},"size":10.0,"orthographic":false}