{"cameraMode":{"drawMode":0,"name":"Shaded","section":"Shading Mode"},"sceneLighting":false,"audioPlay":false,"sceneViewState":{"showFog":false,"showMaterialUpdate":false,"showSkybox":false,"showFlares":false,"showImageEffects":false,"showParticleSystems":false},"in2DMode":false,"pivot":{"x":4.76837158203125e-7,"y":3.3592166900634767,"z":1.8690805435180665},"rotation":{"x":0.3199816942214966,"y":0.10803330689668656,"z":-0.03665144741535187,"w":0.9405912160873413},"size":8.380876541137696,"orthographic":false}