{"cameraMode":{"drawMode":0,"name":"Shaded","section":"Shading Mode"},"sceneLighting":true,"audioPlay":false,"sceneViewState":{"showFog":false,"showMaterialUpdate":false,"showSkybox":false,"showFlares":false,"showImageEffects":false,"showParticleSystems":false},"in2DMode":false,"pivot":{"x":535.6196899414063,"y":349.6077880859375,"z":45.2230224609375},"rotation":{"x":0.08778440952301026,"y":-0.002988428808748722,"z":0.00026346847880631685,"w":0.9961355328559876},"size":439.7542419433594,"orthographic":false}